case,E,num_edges,num_variables,timerun
Ga_Vconst15_face,27157.46352637635,48,55,29.0378212928772
Ga_Vconst15_faceEdge,17612.72447253436,72,55,38.1389365196228
